{
    "accuracy": 0.999775483972362,
    "precision": {
        "weighted": 0.9997748289300769,
        "macro": 0.9824631839051635
    }
}